source_uid,app_name,rating,review,label,decision,annotation_note,selection_group
71750,calm,5,Couldn't imagine how it improves my focus and mental stability. Use it. If you want to be free from daily noise and emotional clutter.,,EXCLUDE,no clear product issue,general
69843,calm,5,"I forgot to cancel my one week trial and ended up paying the full price for the year and honestly, I love it. It's so wonderful worth every penny, I'm happy for this accidental purchase even though I'm a poor student, because ot eases me whenever I need/want it too. Thank you.",,EXCLUDE,no clear product issue,general
52112,headspace,5,"really knows the secrets of the meditation, thank you Headspace for this experience. I am thankful for you. The app is running well.",,EXCLUDE,no clear product issue,general
93494,fabulous,1,"Please don't subscribe to this, they stole my money two weeks in a row, didn't get a free trail either, they just charged. Almost 100$ down, don't fall into the trap...",PAYMENT,INCLUDE,,general
161388,daylio,1,uploads backups into the cloud where it can not be deleted,,EXCLUDE,"sensitive, off-topic, or outside taxonomy",general
160698,daylio,2,Not what I expected from the title. You have to buy the premium version to get things you should have doesnt make sense. In my opinion I dont like it not what you would think it is,PAYMENT,INCLUDE,,general
157173,daylio,5,I'm a satisfied user 💖 I love the features it doesn't crash like other apps so far. And I still can put entry on the day that I forgotten.,,EXCLUDE,no clear product issue,general
72233,calm,3,I think the stuff I have seen is pretty awesome but 99%of the app is locked and subscription/pay only. it's sad because I love the little I have seen. I just can't afford to subscribe till maybe next year.,PAYMENT,INCLUDE,,general
71703,calm,5,"Amazing app. If you pay for the whole version, and I think it's well worth it, you have access to the most soothing melodies, amazing exercises and more. Great job!",,EXCLUDE,no clear product issue,general
152147,daylio,2,"I loved this app, but it kept causing add popups on my phone that weren't much different than having a virus. very annoying and tolling on my phones battery. really disappointing considering the overall app was everything I was looking for, but it felt like I had a virus. Even with paying subscript",,EXCLUDE,multiple or unclear issues,general
89650,fabulous,1,"Requires paid subscription to use app. Granted, there is a 7-day free trial but nobody wants to risk forgetting to cancel their subscription the night of the last day. There is no way to deem the worthiness of the subscription with this as a resource either. Also, these degenerates inputted a non-binary gender option.",,EXCLUDE,"sensitive, off-topic, or outside taxonomy",general
161301,daylio,1,it is not like a diary. Its just like a mood tracker.,,EXCLUDE,no clear product issue,general
44105,headspace,2,"This app seemed really nice, as I am just starting to get into meditation. However, you have to pay for the subscription to do almost any of the meditation videos. I don't want to pay to meditate. That would just make me more stressed :/",PAYMENT,INCLUDE,,general
91676,fabulous,5,It is expensive but it really worked its way through me. The app doesn't rush me to do anything but I still complete little by little the goals.,,EXCLUDE,no clear product issue,general
95050,fabulous,1,"Always crashes, whenever I open a letter. It also silences my phone alarms to favour the app alarms (audacity?).",,EXCLUDE,multiple or unclear issues,general
88769,fabulous,4,I love the way everything is done step by step. Making progress feel a little less intimidating and more approachable. I'd recommend it to anyone who's ever had a hard time keeping to resolutions. Change your life simply by taking incremental steps. You'll see how the dots connect later.,,EXCLUDE,no clear product issue,general
164979,daylio,1,Money hunger app .. monthly subscription waste,PAYMENT,INCLUDE,,general
155657,daylio,2,"I need a mood tracker, not a fitness or social tracker. I need to track my moods so I can understand and feel them more, not just tap a gentrified emoji. Emotions are more complex than that, it's too simple.",FEATURE_UX,INCLUDE,,general
66150,calm,1,This is absolutely the worst app I have ever used. Never approved bee subscription but was charged for two years in a row. And talk about stress I have been trying for two hours now to cancel. Unable to do so. I'm actually having a very difficult time just trying to post this review. This is a terrible terrible app,PAYMENT,INCLUDE,,general
72513,calm,2,"I loved this app at first, but after awhile it stops working properly. Every time I turn it on and set the timer it stops after a few minutes no matter how long I set the timer.",BUG,INCLUDE,,general
48676,headspace,1,"Everytime I open headspace it says something went wrong, I logged in for the first time then got out but as soon as I went back in, it didn't want to work",BUG,INCLUDE,,general
142284,digitalwellbeing,1,This is a tracking app sending your data to Google.,,EXCLUDE,"sensitive, off-topic, or outside taxonomy",general
92222,fabulous,3,"App has potential, but is not for me.  please answer your email, my trial went into a year subscription without me wanting it to go and now im in the minus on PayPal. Can you please respond on my request for a refund",PAYMENT,INCLUDE,,general
98010,fabulous,1,"Very misleading. It's free to download, but costs a monthly fee to use. Do not download if you are looking for a free app.",PAYMENT,INCLUDE,,general
96146,fabulous,3,It's okay. I had completed some programs. But the app crashed and I lost it all. So I'm having to start all over again.,BUG,INCLUDE,,general
46266,headspace,1,this is a total waste of time and money. ..dont do it. there are way better free meditation apps out there and once they start billing they don't want to stop. I am currently working with my credit card company to get my money back....there is no meditation support other than generic faqs . all these four and five star reviews gotta be bogus...,PAYMENT,INCLUDE,,general
140969,digitalwellbeing,1,"App not opening in realme 5 mobile,access restricted",,EXCLUDE,multiple or unclear issues,general
156227,daylio,2,It is a good app but I find that my daily reminder isn't actually working. I have made sure that notifications are allowed on my device but they still don't show up,BUG,INCLUDE,,general
153736,daylio,3,"worked fine, until a month in it stopped giving me notifications to put in entries, which is the point of a mood tracker app. 3 months later notifications started up again. if I'm going to use an app for my mental health it needs to be consistent.",BUG,INCLUDE,,general
71934,calm,2,"Not worth downloading. It asked me to sign in, then it asked how I'm feeling. I replied panicjed. The first lesson I chose makes you subscribe. An app with a purpose to help shouldn't ask for money",PAYMENT,INCLUDE,,general
47492,headspace,5,"this app really helped me with my anxiety issues and helped me with my sleeping as well.,i wanted to work on my self along with professional help,.i would highly recommend this app..it helps to cope with day to day stress .",,EXCLUDE,no clear product issue,general
49373,headspace,1,"Opted for the Spotify bundle. Paying but cannot login. 3 emails, no answer. That's not what I would call service",ACCOUNT,INCLUDE,,general
158591,daylio,3,Its a good app but i forgot my pin and now i cant open the app and theres no way to get a reminder and 8ts stupid i just want to look at my pictures,ACCOUNT,INCLUDE,,general
68586,calm,1,"Horrible! After about 20 mins of rainfall that was so loud I couldn't hear myself think nor the tv I was sitting beside while looking at the app, I uninstalled it. I looked all over to see if I could find an adjustment for the sound and found none.",FEATURE_UX,INCLUDE,,general
48687,headspace,5,I won't even say one of the best apps. Because this is literally the best app in terms of self development. This app honestly changed my life. Thank you Headspace 💯👍🏻,,EXCLUDE,no clear product issue,general
49413,headspace,5,"My experience has been positive, the only down side is that do much has to be bought however there are some free courses that give one the jist of things.",PAYMENT,INCLUDE,,general
98282,fabulous,5,I had to rate it. It's such a well planned application which does apparently changes the Life for the better. I just have to say that it's FABULOUS!,,EXCLUDE,no clear product issue,general
53269,headspace,1,Decent potential but way overpriced. Costs more than my Spotify account or which has binural sounds and sleepcasts,PAYMENT,INCLUDE,,general
95688,fabulous,2,"This app still needs work. I believe it's overpriced. Check out ""Intellect"". It's much better and free as well!",PAYMENT,INCLUDE,,general
54654,headspace,2,I think the price is to high and there free alternatives should be free,PAYMENT,INCLUDE,,general
92300,fabulous,5,"This app helps me a lot! They start you out with simple and easy morning routines that help you start your day mindfully and happily. It's really fun and easy to use. Thank you, !",,EXCLUDE,no clear product issue,general
54697,headspace,5,"Best meditation app ever! Great animation, calming narator voice",,EXCLUDE,no clear product issue,general
95977,fabulous,1,"Uninstall. The free option is only valid for a week. This information should be in the description, or have a free option with limited functions. But what's happening now is misleading.",PAYMENT,INCLUDE,,general
51326,headspace,4,"Awesome app! Just wish all features were free,but i understand thats not always possible,love it tho!!",PAYMENT,INCLUDE,,general
41659,headspace,3,"I've had the paid version for a couple of years and up until lately, it's been great. The last couple of updates have resulted in sessions not playing or freezing up mid-session. Uninstalling/reinstalling, restarting phone, nothing works long-term. Fix this please!!",BUG,INCLUDE,,general
71745,calm,1,Good app but WAY too expensive. I just couldn't justify almost $60 a year fir the app when I only use it for sleep. There are other very similar options with more features for much less.,PAYMENT,INCLUDE,,general
155050,daylio,1,"I'm so mad about this app. It used to be great, and you could purchase the premium version for a single payment. Now it's been upgraded to a monthly subscription, and I just can't afford to subscribe for something I'm probably not going to be able to use everyday.  blew it, .",PAYMENT,INCLUDE,,general
144103,digitalwellbeing,1,I hate this appp i dont want it in my phone,FEATURE_UX,INCLUDE,,general
141028,digitalwellbeing,1,Don't preinstall this garbage and not allow me to rid my phone of it.,FEATURE_UX,INCLUDE,,general
47077,headspace,1,"Everything is behind a paywall, EVEN the basics. Worst meditation app by far, can't even begin to comprehend why It is the most downloaded one.",PAYMENT,INCLUDE,,general
143991,digitalwellbeing,4,good but i don't understand how to use it lol,FEATURE_UX,INCLUDE,,general
138806,digitalwellbeing,1,I HATE THIS APP. I cant even access my settings because of this app. This app should be updated,BUG,INCLUDE,,general
92871,fabulous,3,I like it a lot so far but it is a bit annoying how often it asks me to share it with a friend. I understand they need to get their product out there but after every single action is overkill.,FEATURE_UX,INCLUDE,,general
71533,calm,1,"I bought yearly subscription for £28.99, used app for about 2 weeks and then everything became locked. When I tap on , I get error message saying that I have already subscribed. But everything is locked?? What did I pay for?? A rain sound that plays at the home screen ? Can someone from app support team help please?",PAYMENT,INCLUDE,,general
157037,daylio,5,Love this app makes it easy to keep track of all I do update here is the four hundred thirty days of using this app and I love it to the day it's so great to be able to keep track of the days and what I do and I can be detailed or not still glad I went premium,,EXCLUDE,no clear product issue,general
148068,digitalwellbeing,1,My parents control this in my phone remove it,,EXCLUDE,"sensitive, off-topic, or outside taxonomy",general
68440,calm,1,"When I first got the app, worked perfectly. Now for the past few weeks the noises for sleeping randomly stop working through the night, causing me to wake up numerous times. I'll just have to start using another app. Such a shame...",BUG,INCLUDE,,general
42413,headspace,5,"Best meditation app I know. Good both for beginners and those with more experience in meditation. It has gotten a little crowded since other sections like sleep and music have been added, all of which I don't really use.",FEATURE_UX,INCLUDE,,general
73481,calm,1,It says top free app but every single sound on there you have to sign up for the trial to listen to. Nothing is free from what I can see.,PAYMENT,INCLUDE,,general
160522,daylio,5,Really helpful for keeping track of moods for mental health reasons,,EXCLUDE,no clear product issue,general
136266,digitalwellbeing,1,Once you download this app you can never get it off your phone. It's like a virus it can never be deleted no matter what you do,FEATURE_UX,INCLUDE,,general
67493,calm,3,Great app overall but recently the broadcast or button to play sounds on speakers has been inconsistent. Most days it's not there when playing sound. About one a week it will be on the app to play sounds elsewhere.,BUG,INCLUDE,,general
95439,fabulous,1,totally unexpected to see it's premium afteer installing it! No one deserved to traped for getting such motivation unless it's free for all.,PAYMENT,INCLUDE,,general
69799,calm,3,"App is too cluttered, it's difficult to find meditations you already like. Please add a search feature! Also please add shortcuts and widgets so that we can jump to a specific meditation or favs from our home screen.",,EXCLUDE,multiple or unclear issues,general
158199,daylio,5,Simple and lovely way of tracking moods. You can add so many activities to track too!,,EXCLUDE,no clear product issue,general
54086,headspace,1,Hello developers when I installed this app my mobile gone extremely heat up and when I uninstall this my mobile back to normal. Why this happen?,BUG,INCLUDE,,general
156190,daylio,1,"Damn....if you could stop sending in notifications on paying to unlock some features every single day, I wouldn't subscribed later on. But damn I'm tired and done with this app",FEATURE_UX,INCLUDE,,general
148217,digitalwellbeing,1,Hate this .. How do i get this off my ph,FEATURE_UX,INCLUDE,,general
139599,digitalwellbeing,1,Stops phone from working & mucks up Bluetooth connections,BUG,INCLUDE,,general
139942,digitalwellbeing,5,Really helpful to manage your usage of yorday on phone,,EXCLUDE,no clear product issue,general
155016,daylio,5,"This app is a great app to track not only moods, but also activities and photos. They give you a weekly, and annual reports. They constantly work on the app to even make it better and better.",,EXCLUDE,no clear product issue,general
135719,digitalwellbeing,5,I think its a nice app for students who want to concentrate on their studies and its best thing is that it has a focus mode which makes it different from others.,,EXCLUDE,no clear product issue,general
94882,fabulous,1,"Cannot get in touch with Developers for charge I did not choose to make. Can’t get through to anyone through other mines. Would like a refund of $44.99, please.",PAYMENT,INCLUDE,,general
97535,fabulous,1,Debited my card after I cancelled my subscription in advance. Very unhappy with the way this app works regarding subscriptions,PAYMENT,INCLUDE,,general
161461,daylio,3,Open up more options without premium ! That helps this app to be more popular.,PAYMENT,INCLUDE,,general
74597,calm,5,I love it I just wish there were more free to play story's and music because I haven't had a chance to set up a subscription yet.,PAYMENT,INCLUDE,,general
70008,calm,1,"It was a recommended app by one of my friend, she was really impressed. But when I installed it, it asked me to agree with its privacy policy. So I went through it and u all will b surprised it is accessing almost every data of ur phone. Many of us don't read them and this app is taking advantage of it. Beware evry1.",,EXCLUDE,"sensitive, off-topic, or outside taxonomy",general
156128,daylio,1,"i really love this app. I paid for the full version. but then i had to reformat my phone, amd after rwinstalling i cant see anyplace to log in so i can restorey backups. i kwwp track of ledocal info in here, and this is the only place i can find to ask for help. please help!",ACCOUNT,INCLUDE,,general
85695,fabulous,3,"It's honestly a pretty good app.  is, it immediately tries to trick you into a premium subscription, and most of the content is behind that subscription (though you can do the first Journey free, as far as I can tell.) I'd love to be able to access more content for free, even if it means fewer features.",PAYMENT,INCLUDE,,general
75309,calm,1,I was advised to download this to help my anxiety. However its way to expensive. Found a similar one thats totally free and works a treat.,PAYMENT,INCLUDE,,general
157364,daylio,3,Love this- very insightful. Wish there was more diversity in the colors and would be nice to have more themes.,FEATURE_UX,INCLUDE,,general
70452,calm,1,"No different then a $19 sound machine. I tried canceling my trial period, but they say I missed the deadline by a few hours. They (Google) refused to return my money. I guess google realy, realy needs it. Buy a sound machine and save the money.",PAYMENT,INCLUDE,,general
159362,daylio,3,The extras isn't much of a difference for the price model. It's nice. Just wasn't exactly what I'm looking for.,PAYMENT,INCLUDE,,general
153149,daylio,5,"It's a really good app and I like everything about it. One suggestion that I have though is the addition of a dark/night mode, I tend to do one last entry to reflect on the day before going to sleep, and having the bright background blind me isn't the best of sights.",FEATURE_UX,INCLUDE,,general
138221,digitalwellbeing,1,"Y i am unable to uninstall it, it just appeared in phone and now not getting uninstalled.",FEATURE_UX,INCLUDE,,general
92915,fabulous,1,"Only intended to use free trial but took my money away from bank. I emailed back on the same day they took my money but didn't get my money back. DONOT USE THIS APP, find other free version.",PAYMENT,INCLUDE,,general
71221,calm,4,"Very good parts to this app, but alot of it is in paid version only. Am really liking what I've used though and the daily reminders and daily calm. Really wish some of what you can do with kids was in free version though.",PAYMENT,INCLUDE,,general
75111,calm,1,Not what I was looking for. But was recommended to me when searched. You have to have premium for simple white noise?  off.,PAYMENT,INCLUDE,,general
162343,daylio,1,Give It a Voice Record option and a pictures attach feature.,FEATURE_UX,INCLUDE,,general
92320,fabulous,1,"Boring and irritating. The animations of a creepy little ghost figure that is meant to be a person, are just laughable. Not inspiring at all. Now go and drink your water like a good girl.",FEATURE_UX,INCLUDE,,general
158764,daylio,1,Very disappointed this isn't available for the Family Library. Edited - perhaps you should understand what the Family Library is before discarding my feedback.,FEATURE_UX,INCLUDE,,general
92880,fabulous,5,Really helpful and motivating! Worth a shot if you need some daily structure to help achieve your long term goals!,,EXCLUDE,no clear product issue,general
51464,headspace,1,Most if requires you to pay for a subscription which is never mentioned in any of the countless ads.,PAYMENT,INCLUDE,,general
138909,digitalwellbeing,1,"It installed in its own, can't uninstall it, Google fraud. Is the data u getting of us not enough?",,EXCLUDE,"sensitive, off-topic, or outside taxonomy",general
139337,digitalwellbeing,1,Bloatware is bad. I want to remcod but can not .,FEATURE_UX,INCLUDE,,general
160185,daylio,5,daylio has been wildly fun to use and is super intuitive! I love using it!,,EXCLUDE,no clear product issue,general
94351,fabulous,2,The app instructed me to drink a glass of water for 3 days. Then the interface got too cluttered and confusing and now I have to pay for it. No thanks.,,EXCLUDE,multiple or unclear issues,general
70157,calm,1,"This app was good at first, free music and stories that helped calm the mind and get me to sleep. But now, I cannot listen to anything. I have to pay for every story and piece of music, including the ones I had ""favourited"". I uninstalled and will find a new app with free content as  is profiting from people misery",PAYMENT,INCLUDE,,general
162164,daylio,5,Sweet little app to track all kinds of activities.,,EXCLUDE,no clear product issue,general
51146,headspace,2,"I lived this app, my pride and joy. I came back a month later. Bam. Its destroyed, they removed all but like 3 of the free meditations. I am so made. Reeeee",PAYMENT,INCLUDE,,general
140742,digitalwellbeing,4,It's a cool app but why does it stop blocking WhatsApp notifications??,BUG,INCLUDE,,general
161826,daylio,1,Opened the app to immediately be greated with trump ad. No thanks. Byyeee.,,EXCLUDE,"sensitive, off-topic, or outside taxonomy",general
73474,calm,1,"Horrible app, everything is locked unless you pay for premium. There is only one or two things unlocked. I'll keep using insight timer instead.",PAYMENT,INCLUDE,,general
91364,fabulous,1,"off. Total waste. Tried it then got locked in to pay after trying. No notification at end of free trial.No way for refund but cancelled renewal. My mistake. Shoud be banned, can't believe this is in app store",PAYMENT,INCLUDE,,general
157802,daylio,2,Don't like the new calendar. Would be OK if I could at least swipe. Why would you remove the swiping? (between months),FEATURE_UX,INCLUDE,,general
137587,digitalwellbeing,1,"No idea how to open this app doesn't appear in app drawer, no option to open from play store either😒",,EXCLUDE,no clear product issue,general
139805,digitalwellbeing,1,Too much buffering. No don't need it.!!!,BUG,INCLUDE,,general
96517,fabulous,5,"They are improving many aspects of the app. But bottom line, YOU have to follow through.",,EXCLUDE,no clear product issue,general
147587,digitalwellbeing,5,Invoice header: *** Inc.Please leave the package by the door. Thanks!,,EXCLUDE,"sensitive, off-topic, or outside taxonomy",general
158197,daylio,5,very helpful to track my moods and my emotional stability. great help in therapy. I love this app so much.,,EXCLUDE,no clear product issue,general
142957,digitalwellbeing,1,you force this app to my phone? but for instaling another app ALWAYS PENDING?,,EXCLUDE,"sensitive, off-topic, or outside taxonomy",general
71870,calm,1,Way way way overpriced for what it is. There's not that much content aside from the repetitive daily meditations. I stopped using it 4 months into my year long sub because it's always crashing.,,EXCLUDE,multiple or unclear issues,general
154043,daylio,2,"I like this app - so much so I paid for it and I've been using it to track my moods for the past 2 years. However recently my reminders are coming in at the wrong times. For example a reminder I have set for 8pm comes in the following day, another is set for 12pm and arrived just now... at 7.52pm. What have you guys done?",BUG,INCLUDE,,general
68998,calm,3,"Paid the fee as the music & stories are very handy when trying to sleep. However, personally the narrator's voice irritates me & am unable to use the meditation section due to this. Opting for headspace instead.",,EXCLUDE,no clear product issue,general
136163,digitalwellbeing,1,I disabled this app yet it keeps updating/and opening up on my phone without my permission. More forced app I have zero need for.,BUG,INCLUDE,,general
90962,fabulous,5,"An Amazing app. It's so very helpful. I Love the challenges and information. So happy to be regaining my life back,taking small steps at a time where There is posative guidance and I am in controll. Thank you. So glad this app was recomended to me from the Wysa chat bot.:)",,EXCLUDE,no clear product issue,general
147416,digitalwellbeing,1,Ok dont know how i am installed this and why ??,,EXCLUDE,no clear product issue,general
91910,fabulous,1,I cancelled the free trial subscription and got charged the same day! I would really appreciate a refund. I also found the app messy and hard to follow.,PAYMENT,INCLUDE,,general
93097,fabulous,1,Is this a joke? I joined through a web browser. I went through the registration again in the app.Why is there no way to sign and for the app to recognize that you have my payment information? This is shady and you lost my trust.,ACCOUNT,INCLUDE,,general
53236,headspace,1,"Glitchy after 6 sessions. Gives errors, but no explanation. No tutorial.",BUG,INCLUDE,,general
134532,digitalwellbeing,1,"It boggs down my tablet as well as tries to install junk that I don't want or need on here as I use my iPhone for news, weather, shopping, etc.. ☮️💟✝️🇺",,EXCLUDE,no clear product issue,general
98407,fabulous,1,"I did NOT subscribe to this app & apparently had $39.99 taken out of my account yesterday!! I don't even have this app on my phone! So, how can I get refunded if I don't have the app!?",PAYMENT,INCLUDE,,general
135120,digitalwellbeing,1,"No stars, this is spyware. Can't even get rid of it! This was installed as part of an update, without my permission. This app is a stalker. Need to sue ATT and Google.",,EXCLUDE,"sensitive, off-topic, or outside taxonomy",general
94177,fabulous,1,"After installing the app, i was so excited, i even described myself, but what shocked me is that it only gave me one routine, drink water for 3 days, i mean thats all? I don't have any gcash or paypal or something like that so i cant play premium, it really disappointed me, how i wish there were more goals..",,EXCLUDE,multiple or unclear issues,general
87191,fabulous,1,Hi I just downloaded and tried this app and it is not user friendly. It asked for my info in general then goes onto trying to make me sign up for payments. I do not want the 7 day trial nor the subscription but it does not even give me a decline button - its just forcing me to enable the one option which is start my journey!!!,,EXCLUDE,multiple or unclear issues,general
135340,digitalwellbeing,2,You must give strict schedule mode in this app because some time small distraction leads to lots of time wastage on phone so kindly provide strict mode in this app so that before some specific time user can not access phone exception can be provided for making phone call,FEATURE_UX,INCLUDE,,general
161453,daylio,3,I wish there were more options for how you feeling like how theres sporty but over all its an okay app,FEATURE_UX,INCLUDE,,general
91190,fabulous,2,"Not free! At first I had started enjoying using this app, and I thought I had""the free version"". There is no such thing. after a week it had charged me $45 for a monthly subscription that I couldn't even use for the rest of the month. All it does is tell you to drink water in the morning and eat breakfast.",PAYMENT,INCLUDE,,general
163653,daylio,3,It's a very helpful app lest me right out my thoughts so I like it,,EXCLUDE,no clear product issue,general
47487,headspace,1,"Not a great first impression, trying to listen to sleep music and it stops every few mins with an error.",BUG,INCLUDE,,general
54663,headspace,1,This is not a free app! Immidiate sign up required and it's damn expensive,PAYMENT,INCLUDE,,general
155987,daylio,3,"I'd give this app 5 stars if you could add pictures and tags to journal entries. Also, the Google Drive backup feature isn't working.",,EXCLUDE,multiple or unclear issues,general
72543,calm,5,"After 'test driving' the major mindfulness appas out there,  came out on top. Great tool for beginners and those who just prefer lightly guided sessions.",,EXCLUDE,no clear product issue,general
74092,calm,1,Not a free app like how they claim on TV. Have to subscribe for $70 to get a 7 day trial. Not sure why Google tagged the app as topfree. I deleted the app in one minute.,PAYMENT,INCLUDE,,general
92056,fabulous,2,Not very helpful. Hard to navigate the app and makes you take on habbit challenges you don't want without allowing you to swap them out. Wouldn't recommend.,FEATURE_UX,INCLUDE,,general
75673,calm,5,"Great collection of soothing music, guided meditation, body work (stretches) and much more!",,EXCLUDE,no clear product issue,general
160375,daylio,2,"The ads placements are very, very annoying, and disrupting.",FEATURE_UX,INCLUDE,,general
137755,digitalwellbeing,1,"After months of having this phone, this app just installed itself without my permission. 🤬",,EXCLUDE,"sensitive, off-topic, or outside taxonomy",general
73347,calm,1,Not paying 80 dollars a year for this. Tried to exit and it loaded anyways. Way too expensive. I can buy a white noise machine for less and only a one time fee.,PAYMENT,INCLUDE,,general
143470,digitalwellbeing,5,"learned , equel rights and the right vote, its going to take a little to soak in slowly processing . have a good day love jr.",,EXCLUDE,"sensitive, off-topic, or outside taxonomy",general
90576,fabulous,1,"Tapped on ""7 day trial"", got charged for the yearly subscription. Been sent down endless rabbit holes, forms, emails to support but couldn't get somebody to talk to me for a refund. Pretty awful experience from a company that promises to be able to change your life for the better.",PAYMENT,INCLUDE,,general
84565,fabulous,1,Just found out that the request to unsubscribe didn't go through and now I'm out $40. I didn't even finish making my account and they charged me.,PAYMENT,INCLUDE,,general
53730,headspace,1,I signed up for the 7 day trial and was automatically charged the monthly price.,PAYMENT,INCLUDE,,general
72661,calm,1,Don't take the initial evaluation without knowing that this app will cost you $69.95 / year. Looks free. Presents as free. Cost is after 1 week free TRIAL. But this info is in nearly invisible print at the very end of the process. Very deceptive.,PAYMENT,INCLUDE,,general
68165,calm,1,"Great app. But, only wanted to do the 7 day free trial. Charged me for the year subscription. Went to cancel subscription and they won't give me my money back. I wanted to completely cancel but says subscription won't end till next year the subscription is up. I wanted subscription to end now and get mu money that I need back.",PAYMENT,INCLUDE,,general
73406,calm,1,"Free app, but almost everything is paid and offers very little for free, it would be better if it was paid and you didn't have to get premium to listen to 95% of the content.",PAYMENT,INCLUDE,,general
49218,headspace,5,I couldn't function without this app. it is definitely helping my PTSD and conversions disorder. thank you very much.,,EXCLUDE,"sensitive, off-topic, or outside taxonomy",general
46074,headspace,1,"You literally have to pay for everything. Waste of my time n imma go download """" instead since they aren't money hungry. Jokes on me for wanting to have a sleep meditation.",PAYMENT,INCLUDE,,general
46540,headspace,2,Good but not worth paying for. I liked using the two free sleepcasts but now those aren't available. And the price is too high compared to free sleep aid apps. I did really enjoy them as it did help me sleep.,PAYMENT,INCLUDE,,general
41947,headspace,2,"I have received a 30 day free tail, but half of the time, my sessions pause when my phone turns off. This is very annoying since I always have to check if it is still going and if the dude doesn't speak for a longer time I am never sure if it is paying or not. This is very annoying since it take me out of my meditative state.",BUG,INCLUDE,,general
70456,calm,5,"i felt really welcomed. that sounds strange maybe, but that's how I felt.",,EXCLUDE,no clear product issue,general
158769,daylio,1,Why on earth are the reminders not working? Not getting any reminders for whatever I fix. Kindly look into the same and advice. Using OnePlus 7,BUG,INCLUDE,,general
137189,digitalwellbeing,5,I enjoy the app very much. As a feature I'd like to see the option of setting a limit on the number of times I can open an app in a day.,FEATURE_UX,INCLUDE,,general
135433,digitalwellbeing,1,App tried to get the phone to help me but only interupted what I was doing and made it almost impossible to get the phone to do my commands combined with Moto tools.it is the worst phone experience I have been in,BUG,INCLUDE,,general
44035,headspace,1,"Always ""unable to connect"" or ""something went wrong"" even after making sure my  and/or cellular network is properly connected. Shame since I really liked the app and was considering paying a monthly subscription to it.",BUG,INCLUDE,,general
87282,fabulous,2,Unable to edit journey to remove things that don't align with my goals. App technology works fine but the capabilities seem limited. It's basically a very expensive checklist. Wish I hadn't invested the $50 for the premium. No real value.,FEATURE_UX,INCLUDE,,general
142713,digitalwellbeing,3,Update settings app stop pls slove the problem,BUG,INCLUDE,,general
86909,fabulous,1,"Everytime you try to add a new habit it will just take you to the subscription page. So the free version basically means you can't set tasks to do, which is the whole purpose of the app, making the entire free version of the app absolutely useless. I'm out.",PAYMENT,INCLUDE,,general
49096,headspace,5,Headspace is a great companion and a wonderful relaxation app with several services that can help you to understand and calm you body and mind,,EXCLUDE,no clear product issue,general
136529,digitalwellbeing,2,"Since the last Android update, I keep getting a notification the app is updating, which never goes away.",BUG,INCLUDE,,general
160454,daylio,3,I truly love this app but this is not the one to go for TRY reflectly no I am not paid to say this but it's way better and totally free,,EXCLUDE,no clear product issue,general
66362,calm,5,"I'm addicted, love all the sleep stories, some have even led me to read the book the short story came from. I recommend highly!",,EXCLUDE,no clear product issue,general
92249,fabulous,1,"I was just getting excited to use this app. After several questions it a subscription service? I don't think so. I would have been happy with a version with advertisements, but I'm definitely not going to pay for something I can do with a pen and paper.",PAYMENT,INCLUDE,,general
51893,headspace,1,It is to expensive and there's a YouTube channel I like even better and it's called great meditation and while your at it.,PAYMENT,INCLUDE,,general
158172,daylio,4,Pretty Good Experience. I just wish that it had more features like in between moods and more emojis,FEATURE_UX,INCLUDE,,general
160267,daylio,1,I wanna purchase the app while it's on sale but I can't seem to proceed with my payment. Send help within 12 hours.,PAYMENT,INCLUDE,,general
47989,headspace,3,Headsoace was awesome! But after a point if you are not a member it goes downhill because everything is locked. If more things were open to use if not a member it would be awesome.,PAYMENT,INCLUDE,,general
138139,digitalwellbeing,1,"This app was great till the last update,now it doesn't even update screen time properly,another google app ruined by a stupid update",BUG,INCLUDE,,general
157354,daylio,1,"Didn't remind me everyday,""how it was my day"" but every time I opened the app it remind me that I can buy a subscription",,EXCLUDE,multiple or unclear issues,general
90539,fabulous,5,A great app to improve one little thing at a time. Wonderful design and very easy to use. It helps create positive routines and motivates you when you need it the most!,,EXCLUDE,no clear product issue,general
70278,calm,1,It's an awesome app if you only want to check in with your emotions. Everything else apparently cost money. I've been looking for months and I rarely find something that doesn't cost a premium subscription.,PAYMENT,INCLUDE,,general
92701,fabulous,5,Still in the free demo portion but so far my lifestyle and life choices have already improved greatly!! I just wish there were different payment plans to choose from.,PAYMENT,INCLUDE,,general
72815,calm,4,I was really annoyed since a friend had bailed on me with no notice but I didn't want to get bogged down in the anger so I opened the app and listened to the Take 90 meditation. It worked a treat! Thank you!,,EXCLUDE,"sensitive, off-topic, or outside taxonomy",general
71793,calm,1,It keeps using all my data even though everything is turned off that says to turn off. And has used over 10 GB in one day. What a joke. Too expensive to have to pay for app and all the data it uses. Deleting it immediately.,,EXCLUDE,multiple or unclear issues,general
71595,calm,1,Way way to experience most of these sounds are free to download elsewhere. no monthly charge is killing app success. To many internet charges for various apps that knowbody used consistently.  is a recepiie for disaster in it's current payment model.,PAYMENT,INCLUDE,,general
160806,daylio,3,if only i could add a picture....that would be all i need....now i need an additional app for just that purpose,FEATURE_UX,INCLUDE,,general
145418,digitalwellbeing,5,I dont want to delete i dont now how to control their permision,,EXCLUDE,no clear product issue,general
71556,calm,1,Everything is locked. You can't do anything without a premium subscription. Since getting the app I have listened to the same thing. Now all of a sudden it is premium only. Ridiculous. Find a better app.,PAYMENT,INCLUDE,,general
46656,headspace,1,Everything takes ages to buffer and play. Not worth your money! Streaming a full HD movie loads quicker then a 10 minute quick meditation.,BUG,INCLUDE,,general
45095,headspace,1,It was working great but then it wasn't. Uninstalled it then reinstalled and now it tells me I don't have an account on my email address. I signed up for an annual subscription and I cannot figure out how to get into my account anymore.,ACCOUNT,INCLUDE,,general
53404,headspace,1,I did not like how I would not let me listen to anything without paying for a subscription...I just got more frustrated,PAYMENT,INCLUDE,,general
92081,fabulous,4,It would be so much better if it didn't ask us for prime version for so many things such as adding more than 4 things to your plan. But I like it a lot,PAYMENT,INCLUDE,,general
50643,headspace,1,"Don't use this app, they take a year subscription off you then charge you for each individual content.  off.",PAYMENT,INCLUDE,,general
53132,headspace,3,"I would imagine it is great, one issue, cost, there is no way I'm paying for an app, I can't afford it.",PAYMENT,INCLUDE,,general
142398,digitalwellbeing,1,"Spyware disguised as ""wellbeing."" Please let us uninstall.",,EXCLUDE,"sensitive, off-topic, or outside taxonomy",general
139099,digitalwellbeing,5,Very good app i am waiting for this app who record my every useage app and mobile's record,,EXCLUDE,no clear product issue,general
72442,calm,2,"It would have been nice to get a reminder before my trial period ended and just taking payment for the whole year's subscription after, as I didn't want go with it.",PAYMENT,INCLUDE,,general
140794,digitalwellbeing,5,It helped me to manage my time on my phone. I really recommend this 👍🏻,,EXCLUDE,no clear product issue,general
135170,digitalwellbeing,1,This app keeps stopping my phone settings and it keeps reinstalling itself after i uninstall it im about to become very irritated at this point . I just bought this brand new phone .,BUG,INCLUDE,,general
145055,digitalwellbeing,1,Didn't ask for this monitoring program. Do not want it.,FEATURE_UX,INCLUDE,,general
159419,daylio,1,Quit all the moods. I prefer to be reminded to write notes. Not all these smiley faces ALL the time.,FEATURE_UX,INCLUDE,,general
53540,headspace,3,Only a limited number of features are free and most of them requires subscription,PAYMENT,INCLUDE,,general
139903,digitalwellbeing,1,"Can't remove this app, always appears and annoys me",FEATURE_UX,INCLUDE,,general
51769,headspace,2,"Although it looks impressive, there's nothing free about it unfortunately. So I'll just stick with my free youtube downloads :)",PAYMENT,INCLUDE,,general
75595,calm,1,"would have been a lot calmer if i didnt have to pay £37.99 after a seemingly pointless 7 day traial, needless to say i did not pay the £37.99, deleted and never downloading again!",PAYMENT,INCLUDE,,general
47889,headspace,1,Haven't used app my computer system was haywire the time it showed up on phone. Malfunction possibly app or user error. Did not wish to use or subscribe. Not enough information given. Not for me,,EXCLUDE,multiple or unclear issues,general
92694,fabulous,1,I work retail and have an inconsistent work schedule. I can either wake up at 2am or 12pm on any given day. So an app that works based off of a consistant wake up time is an immediate pass for me. I hope it helps other people because unfortunately it will not help me.,FEATURE_UX,INCLUDE,,general
53514,headspace,1,"App doesnt work. My course has been ""buffering"" for 30 minutes now",BUG,INCLUDE,,general
44311,headspace,5,"I really love it! It has helped me a lot, even during anxiety crisis. Thanks Headspace! And I was coming here now to do a review and I've seen I had already written these words above! I cannot really thank you enough! And thanks : you have a very soothing voice and way to speak! The anxiety pack helps me a lot!",,EXCLUDE,"sensitive, off-topic, or outside taxonomy",general
144118,digitalwellbeing,1,This app tells your hackers how well they have done at sucking up your device,,EXCLUDE,"sensitive, off-topic, or outside taxonomy",general
88060,fabulous,1,Very difficult to unsubscribe! It is impossible to cancel the subscription via the app. The only way is to sign in via the internet browser. It doesn't make any sense to subscribe easily in one place and to unsubscribe on a different platform.,PAYMENT,INCLUDE,,account_screen
47491,headspace,1,I can't login and or even create a new account ... it keeps popping up that something went wrong... I can't believe that this is happening... I've used headspace beofre and now I can't even get in!!!! Please fix ASAP!!!!!,ACCOUNT,INCLUDE,,account_screen
46913,headspace,1,"I was forced to sign up before I could even try any of the sounds and THEN told it was a subscription plan. I can't be bothered with that kind of ""sales"" technique. Don't make me create an account to see if it's worth it.",,EXCLUDE,multiple or unclear issues,account_screen
44921,headspace,1,"Paid for a 3 month deal for headspace and Spotify but it wont connect to Spotify. Wont let me log into my account, then when i try and change password, The email with the link in never arrives. I've waited a few days now and nothing.",ACCOUNT,INCLUDE,,account_screen
53215,headspace,1,This app crashes every time you try to login.i can't even enter into the app.im uninstalling,BUG,INCLUDE,,account_screen
85404,fabulous,3,Cancelled my subscription from Google. They went around and charged my  account. I didn't like the app at all and cancelled it several hours after being forced to sign up if I really wanted to use it. I am so angry right now. THIS IS CALLED STEALING!!! ..... I was able to get the app cancelled and my money refunded. Thank you very much.,PAYMENT,INCLUDE,,account_screen
49171,headspace,1,"A lot of adds every where and then I finally decided to download the app and when I try to create mi account with Fb or filling up the fields always says ""Something where wrong with headspace""",ACCOUNT,INCLUDE,,account_screen
90131,fabulous,1,I paid for the subscription now all of a sudden the app is claiming there is no purchase. My bank account and receipts say differently. I should have read these reviews first. I'm so disappointed. Great way to take advantage of vulnerable people.,PAYMENT,INCLUDE,,account_screen
74559,calm,1,I hate this app you seriously need to sign in and second you can't do anything and they force you to buy the premium to be able to unlock everything how does this even help me with my stress and depression!?,PAYMENT,INCLUDE,,account_screen
89720,fabulous,2,Requires a fingerprint during account setup which I am not willing to provide due to security concerns. Could be great but too many hurdles to reach the free trial period and see what the app actually does.,FEATURE_UX,INCLUDE,,account_screen
72740,calm,1,"BEWARE - You have to create an account and give a load of personal details to use this app. Seen good reviews, but removed it as soon as I found you have create an account for no reason other than being spammed with sales junk.",FEATURE_UX,INCLUDE,,account_screen
138013,digitalwellbeing,1,"Never used this until my account was hacked and several other things dealing with pages of this nature. And you know who you are, but I will see you soon and I hope you have your insurance paid up.",,EXCLUDE,"sensitive, off-topic, or outside taxonomy",account_screen
45738,headspace,1,"Headspace was involved in a data breach that compromised my password with it. I am getting sick and tired of these happening, and I do not recommend anyone sign up for these services. Do not sign up for headspace unless you're willing to have your passwords and data compromised. It's profits over security for this company.",,EXCLUDE,"sensitive, off-topic, or outside taxonomy",account_screen
44708,headspace,1,"I have never even seen the inside of the app, It doesn't want to log in I tried using the  address it says something went wrong, I try logging in using Facebook then it doesn't want to pass the part about  address again so if u want to maintain peace and quite don't waste your time and data on this app",ACCOUNT,INCLUDE,,account_screen
45232,headspace,1,It would have been really nice to be able to try anything on the app before committing to a subscription but that's not the case. You make your account and everything is locked. This app shouldn't be labelled as free it's a blatant lie. Nothing in the app is free.,PAYMENT,INCLUDE,,account_screen
70163,calm,1,"An email prior to charging for subscription after trial would be nice, auto subscribe is robbery. Downloaded the app and didn't even use it much at the time and account was charged and denied refund. Never had a poor experience with play store until this ordeal.",PAYMENT,INCLUDE,,account_screen
42827,headspace,2,"I have been using Headspace for nearly a year, however, I haven't even been able to open the app recently. My account was logged out, and now after the first screen launches, it then crashes almost immediately. Not how a paid app should act.",BUG,INCLUDE,,account_screen
134122,digitalwellbeing,1,"As it stands, pretty much useless. Can't even use the child lock because the two accounts have to be from the same country for some bizarre reason, and you have to wait a year before you can change the country on and have to use a credit card and it has to be a different credit card on the child account to the adult account... And on and on.",,EXCLUDE,multiple or unclear issues,account_screen
70219,calm,3,"I love this app, but I was not happy with the charge that was made to my account. There was nothing telling me about paying anything when I downloaded the app. I called and they were nice and refunded me my money back. But they're needs to be a heads up about any charges, especially a $75 dollar charge.",PAYMENT,INCLUDE,,account_screen
42773,headspace,1,"I can't sign up or sign in or anything with this app! So frustrating. A message comes up everytime saying ""sorry, something went wrong."" I've restarted the app, restarted my phone, deleted and redownloaded it, nothing will fix it!",ACCOUNT,INCLUDE,,account_screen
145107,digitalwellbeing,3,How to remove/change the gmail account from the app,ACCOUNT,INCLUDE,,account_screen
42463,headspace,1,"I don't know why, but immediately after i installed the app and tried to make an account, it told me ""something went wrong."" I did everything I could (reinstalling, closing and opening, restarting my phone, changing email) and nothing worked. I'm really disappointed.",ACCOUNT,INCLUDE,,account_screen
50526,headspace,1,"Had to uninstall and reinstall, now I am unable to log in. I am given a error that only states that something went wrong.",ACCOUNT,INCLUDE,,account_screen
44769,headspace,1,Ironically this is making me 10x more stressed. I can't log in through Spotify or Facebook. I already have an account but it won't let me reset the password. All I want to do is use the app but I can't even create a new account with a different email.,ACCOUNT,INCLUDE,,account_screen
44864,headspace,1,"I was introduced to the app by my sister, but unfortunately every time I go to log in, i get a pop up of how headspace isn't responding and to try again. I have tryed 20 times and I even restarted my phone and uninstalled and reinstalled the app. I would like some help or advice on what to do.",ACCOUNT,INCLUDE,,account_screen
67128,calm,1,"Terrible new update. It's far less convenient to navigate with ""profile"" and ""discover"" getting a bizarre promotion to bottom nav but an awkward horizontal scroll to access daily function. Add this to an android phone where a swipe right from the screen edge is ""back"" and it's hardly a calming experience. Useless UX work here.",FEATURE_UX,INCLUDE,,account_screen
95471,fabulous,1,DO NOT SUBSCRIBE!!!! !!!! I cancelled this app last year and a year later they took a payment from my account.,PAYMENT,INCLUDE,,account_screen
48673,headspace,1,"I installed this just so I could rate it 1 star for their godawful commercial. Also, opened it and it's an app you have to register an account to use. Now I wish I could give it 0 stars.",,EXCLUDE,multiple or unclear issues,account_screen
47415,headspace,1,couldn't even get started. it kept saying that my Facebook and my email already had an account set up even though I literally just installed the app. I uninstalled the app. I'll stick to regular meditation the old fashioned way...,ACCOUNT,INCLUDE,,account_screen
90307,fabulous,1,"Everyone BEWARE! You needed both my phones pin number and my fingerprint to proceed. Shame on you! When I was doing the intake survey my phone went blank, causing me to use my pin number twice to sign in. Then you wanted my finger print. All while you were collecting my personal information. I changed my pin btw.",,EXCLUDE,"sensitive, off-topic, or outside taxonomy",account_screen
48399,headspace,1,I had uninstalled the app and never subscribed to paid or even free session. But today you made unauthorized deduction of 120 rs. from my bank account. This is beyond rediculous. Please return my money.,PAYMENT,INCLUDE,,account_screen
53960,headspace,1,I can't even log into my account. I was redownloading to subscribe but I'll just find another app instead,ACCOUNT,INCLUDE,,account_screen
49832,headspace,3,"I've paid for the headspace plus..my bank account has been debited, but the app doesn't allow me to access the headspace plus!!",PAYMENT,INCLUDE,,account_screen
42610,headspace,1,"Couldn't create an account, because apparently emails ending with .fr don't exist. This plus the super annoying password rules that are outdated since 2015. I know the content of the App and would really enjoy it, shame that you block the customer journey that early.",ACCOUNT,INCLUDE,,account_screen
46746,headspace,3,I am not able to subscribe. It's showing that i have zero balance in my Google play account but i checked it in other apps and it is working over there but not in this app. Please solve this problem. I can only subscribe via my Google play account.,PAYMENT,INCLUDE,,account_screen
53361,headspace,2,I've used the app before and it was great but I recently installed it and had trouble recovering my account and for that matter even making a new account if anyone can help plz do so,ACCOUNT,INCLUDE,,account_screen
73149,calm,1,"I received 30 days trial link for this app, but i didn't find it that useful so stopped using after 2/3 sessions, today suddenly i received message from my bank that $59.99 is debited from my account. Its big loss to me, i heartly request users to do not download this app. Its big scam.",PAYMENT,INCLUDE,,account_screen
89277,fabulous,1,"Requires registration before trying the app. EDIT: 12/28/20... I have to give my name, gender and e-mail before even getting to a screen where I can explore the app. Your app does not require payment info(I never claimed it did) but I still have to REGISTER FIRST. Which is my only issue. Not worth it.",FEATURE_UX,INCLUDE,,account_screen
49705,headspace,1,Impossible to cancel!!! I got locked out and I couldn't get back in but I keep getting charged every month!!!,,EXCLUDE,multiple or unclear issues,account_screen
92758,fabulous,3,I love the app but I can't figure out how to restore my purchase on my new phone because I bought it. It just automatically wants to restart a new profile when I had all my habits that were working for me.,ACCOUNT,INCLUDE,,account_screen
137172,digitalwellbeing,1,"Downloaded the app and first day it was successful,but the following day I received an error message even though I had sufficient funds in my account.now say will be stashing so much soon.",,EXCLUDE,"sensitive, off-topic, or outside taxonomy",account_screen
49023,headspace,1,It won't let me log in at all. When I try to restart my password it shows me a error message so on to the next best app.,ACCOUNT,INCLUDE,,account_screen
40219,headspace,1,Bad experience When I'm trying to login it shows this email is already associated with us try a different email id And when I try a different id it show we couldn't find your account Even I have 1 year annual subscription Till 16 Feb 2042,ACCOUNT,INCLUDE,,account_screen
46619,headspace,1,Used it a few nights and loved it. Went back to try more and potentially subscribe and I cant even create/login to my account. Really sucks too but I'm not gonna pay for something that isnt guaranteed.,ACCOUNT,INCLUDE,,account_screen
51418,headspace,1,"It won't let me log in. Every time I try, the app just tells me my email is already associated with another headspace account.",ACCOUNT,INCLUDE,,account_screen
45834,headspace,1,"Was a good app until it logged me out of my account, wouldnt accept my details and when I requested a password reset the email never came. Tried multiple times. I paid for a year subscription, it's all gone to waste. Dont reccomend.",ACCOUNT,INCLUDE,,account_screen
41860,headspace,1,"This 90 points and 65 point offer for Google Play Points is not possible/useable. It says offer doesn't start until you change the account to monthly AFTER the free trial is over,- and it expires on April 2nd, 2021. (Which is in 2 days.) Not upset at all, just thought you'd want to know to take it off the page. Thank you!",,EXCLUDE,multiple or unclear issues,account_screen
72863,calm,1,Good app - but I can't receive my password reset email so have been unable to use it for weeks now. Very frustrating after paying for the annual subscription! PLEASE HELP! 🧘‍♂️ Happy to vote 5* if I receive assistance.,ACCOUNT,INCLUDE,,account_screen
133896,digitalwellbeing,1,"Very bad experience, I have someone trying control my account with this app that we can't desinstal.",,EXCLUDE,"sensitive, off-topic, or outside taxonomy",account_screen
46027,headspace,2,I'm sure this app would be amazing if I could afford a premium account. The content is great but almost everything is paywalled. It also doesn't help that they constantly ask you to join premium.,PAYMENT,INCLUDE,,account_screen
51133,headspace,1,"I had it for a few days, made an account, and it was fine. But then it logged me out, I couldn't sign back in or even make a new account",ACCOUNT,INCLUDE,,account_screen
66585,calm,1,WARNING!!! DO NOT USE!!! I did the free trial 2 YEARS AGO and somehow they just took $70 dollars out of my account when I didn't even have the app downloaded! Oh and they have 0 CUSTOMER SUPPORT!!,PAYMENT,INCLUDE,,account_screen
39754,headspace,1,Subscribed via the Google Play Store and I'm locked out of content on the app. Tried troubleshooting with the Headspace help center but it still won't work! Very frustrated since I paid for the whole year and they won't reimburse me. Still waiting on an answer from Headspace customer support.,PAYMENT,INCLUDE,,account_screen
45942,headspace,1,Terrible user experience. I have been trying to login for the last 10 minutes. All I get is these unhelpful just so you know messages. I have tried to reset my password but it still tells me I have a connected account but won't let me use it.,ACCOUNT,INCLUDE,,account_screen
74912,calm,1,"CAUSES STRESS Tricked into free trial that would undoubtably charge me after trial is up, yet gives zero info on how to cancel trial so you are not charged, had to delete my payment method to avoid being charged because I spent a hour trying to figure how to delete account, disgusted",PAYMENT,INCLUDE,,account_screen
91215,fabulous,1,"After a week this app will bill your Google Play account $39.99 if you don't cancel. I had installed this app on a previous phone and forgot about it, only to find I have been charged twice for an app I never used.",PAYMENT,INCLUDE,,account_screen
46378,headspace,1,"My account got hacked, cutomer service is not helping. They insist that I request a password reset. How does that solve the problem if they changed the email address. I paid for an entire year, now someone else is using my account.",ACCOUNT,INCLUDE,,account_screen
46994,headspace,1,Continuously crashing. Once it crashes you can not open the app again. You have to clear App Data in settings and then log in again!,BUG,INCLUDE,,account_screen
143689,digitalwellbeing,1,I strongly believe this app is spying on me. It's got an ellis messenger profile spying on Facebook messenger.,,EXCLUDE,"sensitive, off-topic, or outside taxonomy",account_screen
46665,headspace,2,"Horrible sign up / log in experience. Just spent 10 minutes trying to log into existing account, but nothing is working. Got about three different errors.",ACCOUNT,INCLUDE,,account_screen
