review_id,label,decision,note
R001,FEATURE_UX,KEEP,
R002,BUG,KEEP,
R003,BUG,KEEP,
R004,ACCOUNT,KEEP,
R005,ACCOUNT,KEEP,
R006,PAYMENT,KEEP,
R007,PAYMENT,KEEP,
R008,FEATURE_UX,KEEP,
R009,PAYMENT,KEEP,
R010,FEATURE_UX,KEEP,
R011,FEATURE_UX,KEEP,Preinstalled app cannot be removed; treated as a product-design complaint.
R012,ACCOUNT,KEEP,
R013,FEATURE_UX,KEEP,Preinstalled app cannot be uninstalled; consistent with the FEATURE_UX labeling rule.
R014,BUG,KEEP,
R015,ACCOUNT,KEEP,
R016,ACCOUNT,KEEP,
R017,BUG,KEEP,
R018,BUG,KEEP,
R019,ACCOUNT,KEEP,
R020,FEATURE_UX,KEEP,
R021,ACCOUNT,KEEP,
R022,ACCOUNT,KEEP,
R023,BUG,KEEP,
R024,PAYMENT,KEEP,Request for more free content is primarily a paywall complaint.
R025,PAYMENT,KEEP,
R026,ACCOUNT,KEEP,
R027,ACCOUNT,KEEP,
R028,BUG,KEEP,
R029,FEATURE_UX,KEEP,
R030,BUG,KEEP,
R031,FEATURE_UX,KEEP,Cannot remove the app; treated as a design complaint rather than a functional failure.
R032,FEATURE_UX,KEEP,
R033,ACCOUNT,KEEP,
R034,PAYMENT,KEEP,
R035,PAYMENT,KEEP,Request for free features is primarily a price complaint.
R036,FEATURE_UX,KEEP,
R037,PAYMENT,KEEP,
R038,ACCOUNT,KEEP,
R039,PAYMENT,KEEP,
R040,ACCOUNT,KEEP,
R041,BUG,KEEP,
R042,PAYMENT,KEEP,
R043,ACCOUNT,KEEP,
R044,ACCOUNT,KEEP,
R045,FEATURE_UX,KEEP,
R046,PAYMENT,KEEP,
R047,PAYMENT,KEEP,
R048,ACCOUNT,KEEP,
R049,FEATURE_UX,KEEP,
R050,FEATURE_UX,KEEP,
R051,FEATURE_UX,KEEP,
R052,BUG,KEEP,
R053,BUG,KEEP,
R054,FEATURE_UX,KEEP,"Primary issue is repeated paid-unlock notifications, a UX complaint rather than a charge."
R055,FEATURE_UX,KEEP,
R056,PAYMENT,KEEP,
R057,ACCOUNT,KEEP,
R058,FEATURE_UX,KEEP,
R059,ACCOUNT,KEEP,
R060,FEATURE_UX,KEEP,
R061,PAYMENT,KEEP,
R062,PAYMENT,KEEP,"The review evaluates extras against the price model, so PAYMENT is the primary issue."
R063,FEATURE_UX,KEEP,
R064,BUG,KEEP,
R065,FEATURE_UX,KEEP,
R066,BUG,KEEP,
R067,BUG,KEEP,
R068,PAYMENT,KEEP,
R069,PAYMENT,KEEP,
R070,FEATURE_UX,KEEP,
R071,BUG,KEEP,
R072,ACCOUNT,KEEP,
R073,PAYMENT,KEEP,
R074,BUG,KEEP,"The app interrupts and obstructs voice commands, which is abnormal behavior."
R075,FEATURE_UX,KEEP,
R076,FEATURE_UX,KEEP,
R077,ACCOUNT,KEEP,
R078,ACCOUNT,KEEP,
R079,BUG,KEEP,
R080,FEATURE_UX,KEEP,
R081,FEATURE_UX,KEEP,
R082,FEATURE_UX,KEEP,
R083,BUG,KEEP,"Notifications stopped for months and later resumed, which is a functional failure."
R084,BUG,KEEP,
R085,PAYMENT,KEEP,
R086,ACCOUNT,KEEP,
R087,PAYMENT,KEEP,
R088,PAYMENT,KEEP,
R089,BUG,KEEP,
R090,BUG,KEEP,
R091,PAYMENT,KEEP,
R092,PAYMENT,KEEP,
R093,PAYMENT,KEEP,
R094,BUG,KEEP,
R095,ACCOUNT,KEEP,
R096,BUG,KEEP,
R097,BUG,KEEP,
R098,BUG,KEEP,
R099,BUG,KEEP,
R100,ACCOUNT,KEEP,
R101,FEATURE_UX,KEEP,
R102,FEATURE_UX,KEEP,
R103,BUG,KEEP,
R104,PAYMENT,KEEP,
R105,ACCOUNT,KEEP,
R106,FEATURE_UX,KEEP,"Mandatory registration and data collection are design complaints, not login failure."
R107,PAYMENT,KEEP,
R108,ACCOUNT,KEEP,
R109,PAYMENT,KEEP,
R110,ACCOUNT,KEEP,"The primary issue is repeated failure during login, so ACCOUNT applies."
R111,PAYMENT,KEEP,
R112,ACCOUNT,KEEP,
R113,ACCOUNT,KEEP,
R114,BUG,KEEP,
R115,ACCOUNT,KEEP,
R116,BUG,KEEP,
R117,PAYMENT,KEEP,
R118,PAYMENT,KEEP,
R119,BUG,KEEP,
R120,FEATURE_UX,KEEP,"Mandatory registration before use is a design complaint, not an access failure."
