review_id,source_uid,expected,predicted,correct
R001,42413,FEATURE_UX,FEATURE_UX,1
R002,47487,BUG,FEATURE_UX,0
R003,138806,BUG,FEATURE_UX,0
R004,46378,ACCOUNT,PAYMENT,0
R005,158591,ACCOUNT,FEATURE_UX,0
R006,155050,PAYMENT,PAYMENT,1
R007,92249,PAYMENT,PAYMENT,1
R008,137189,FEATURE_UX,FEATURE_UX,1
R009,71556,PAYMENT,PAYMENT,1
R010,161453,FEATURE_UX,FEATURE_UX,1
R011,148217,FEATURE_UX,FEATURE_UX,1
R012,72863,ACCOUNT,PAYMENT,0
R013,138221,FEATURE_UX,FEATURE_UX,1
R014,54086,BUG,FEATURE_UX,0
R015,53361,ACCOUNT,ACCOUNT,1
R016,45942,ACCOUNT,ACCOUNT,1
R017,53514,BUG,FEATURE_UX,0
R018,53215,BUG,ACCOUNT,0
R019,49171,ACCOUNT,ACCOUNT,1
R020,135340,FEATURE_UX,FEATURE_UX,1
R021,92758,ACCOUNT,ACCOUNT,1
R022,45095,ACCOUNT,PAYMENT,0
R023,48676,BUG,FEATURE_UX,0
R024,74597,PAYMENT,PAYMENT,1
R025,72442,PAYMENT,PAYMENT,1
R026,44708,ACCOUNT,ACCOUNT,1
R027,42463,ACCOUNT,ACCOUNT,1
R028,41947,BUG,FEATURE_UX,0
R029,155657,FEATURE_UX,FEATURE_UX,1
R030,156227,BUG,FEATURE_UX,0
R031,136266,FEATURE_UX,FEATURE_UX,1
R032,144103,FEATURE_UX,FEATURE_UX,1
R033,46619,ACCOUNT,PAYMENT,0
R034,70163,PAYMENT,PAYMENT,1
R035,51326,PAYMENT,FEATURE_UX,0
R036,143991,FEATURE_UX,FEATURE_UX,1
R037,91190,PAYMENT,PAYMENT,1
R038,49023,ACCOUNT,ACCOUNT,1
R039,48399,PAYMENT,PAYMENT,1
R040,50526,ACCOUNT,ACCOUNT,1
R041,42827,BUG,PAYMENT,0
R042,71595,PAYMENT,PAYMENT,1
R043,51133,ACCOUNT,ACCOUNT,1
R044,45834,ACCOUNT,PAYMENT,0
R045,92871,FEATURE_UX,FEATURE_UX,1
R046,94882,PAYMENT,PAYMENT,1
R047,51893,PAYMENT,FEATURE_UX,0
R048,53960,ACCOUNT,ACCOUNT,1
R049,157364,FEATURE_UX,FEATURE_UX,1
R050,162343,FEATURE_UX,FEATURE_UX,1
R051,160806,FEATURE_UX,FEATURE_UX,1
R052,154043,BUG,PAYMENT,0
R053,41659,BUG,PAYMENT,0
R054,156190,FEATURE_UX,FEATURE_UX,1
R055,67128,FEATURE_UX,ACCOUNT,0
R056,71221,PAYMENT,PAYMENT,1
R057,145107,ACCOUNT,ACCOUNT,1
R058,92694,FEATURE_UX,FEATURE_UX,1
R059,40219,ACCOUNT,PAYMENT,0
R060,157802,FEATURE_UX,FEATURE_UX,1
R061,54663,PAYMENT,FEATURE_UX,0
R062,159362,PAYMENT,PAYMENT,1
R063,141028,FEATURE_UX,FEATURE_UX,1
R064,139599,BUG,FEATURE_UX,0
R065,68586,FEATURE_UX,FEATURE_UX,1
R066,139805,BUG,FEATURE_UX,0
R067,96146,BUG,FEATURE_UX,0
R068,46266,PAYMENT,PAYMENT,1
R069,46540,PAYMENT,PAYMENT,1
R070,158172,FEATURE_UX,FEATURE_UX,1
R071,140742,BUG,FEATURE_UX,0
R072,47491,ACCOUNT,ACCOUNT,1
R073,85404,PAYMENT,PAYMENT,1
R074,135433,BUG,FEATURE_UX,0
R075,139903,FEATURE_UX,FEATURE_UX,1
R076,153149,FEATURE_UX,FEATURE_UX,1
R077,51418,ACCOUNT,ACCOUNT,1
R078,93097,ACCOUNT,PAYMENT,0
R079,46994,BUG,ACCOUNT,0
R080,145055,FEATURE_UX,FEATURE_UX,1
R081,139337,FEATURE_UX,FEATURE_UX,1
R082,87282,FEATURE_UX,PAYMENT,0
R083,153736,BUG,BUG,1
R084,136529,BUG,FEATURE_UX,0
R085,97535,PAYMENT,PAYMENT,1
R086,49373,ACCOUNT,ACCOUNT,1
R087,70278,PAYMENT,PAYMENT,1
R088,72661,PAYMENT,PAYMENT,1
R089,68440,BUG,FEATURE_UX,0
R090,138139,BUG,FEATURE_UX,0
R091,50643,PAYMENT,PAYMENT,1
R092,75309,PAYMENT,FEATURE_UX,0
R093,92915,PAYMENT,FEATURE_UX,0
R094,67493,BUG,FEATURE_UX,0
R095,44921,ACCOUNT,PAYMENT,0
R096,158769,BUG,FEATURE_UX,0
R097,136163,BUG,FEATURE_UX,0
R098,142713,BUG,FEATURE_UX,0
R099,72513,BUG,FEATURE_UX,0
R100,47415,ACCOUNT,ACCOUNT,1
R101,159419,FEATURE_UX,FEATURE_UX,1
R102,160375,FEATURE_UX,FEATURE_UX,1
R103,135170,BUG,FEATURE_UX,0
R104,91364,PAYMENT,PAYMENT,1
R105,42773,ACCOUNT,ACCOUNT,1
R106,72740,FEATURE_UX,ACCOUNT,0
R107,68165,PAYMENT,PAYMENT,1
R108,156128,ACCOUNT,PAYMENT,0
R109,51769,PAYMENT,FEATURE_UX,0
R110,44864,ACCOUNT,ACCOUNT,1
R111,95471,PAYMENT,PAYMENT,1
R112,42610,ACCOUNT,ACCOUNT,1
R113,46665,ACCOUNT,ACCOUNT,1
R114,44035,BUG,PAYMENT,0
R115,44769,ACCOUNT,ACCOUNT,1
R116,46656,BUG,FEATURE_UX,0
R117,91910,PAYMENT,PAYMENT,1
R118,44105,PAYMENT,PAYMENT,1
R119,53236,BUG,FEATURE_UX,0
R120,89277,FEATURE_UX,PAYMENT,0
