review_id,source_uid,app_name,review,label
R001,42413,headspace,"Best meditation app I know. Good both for beginners and those with more experience in meditation. It has gotten a little crowded since other sections like sleep and music have been added, all of which I don't really use.",FEATURE_UX
R002,47487,headspace,"Not a great first impression, trying to listen to sleep music and it stops every few mins with an error.",BUG
R003,138806,digitalwellbeing,I HATE THIS APP. I cant even access my settings because of this app. This app should be updated,BUG
R004,46378,headspace,"My account got hacked, cutomer service is not helping. They insist that I request a password reset. How does that solve the problem if they changed the email address. I paid for an entire year, now someone else is using my account.",ACCOUNT
R005,158591,daylio,Its a good app but i forgot my pin and now i cant open the app and theres no way to get a reminder and 8ts stupid i just want to look at my pictures,ACCOUNT
R006,155050,daylio,"I'm so mad about this app. It used to be great, and you could purchase the premium version for a single payment. Now it's been upgraded to a monthly subscription, and I just can't afford to subscribe for something I'm probably not going to be able to use everyday.  blew it, .",PAYMENT
R007,92249,fabulous,"I was just getting excited to use this app. After several questions it a subscription service? I don't think so. I would have been happy with a version with advertisements, but I'm definitely not going to pay for something I can do with a pen and paper.",PAYMENT
R008,137189,digitalwellbeing,I enjoy the app very much. As a feature I'd like to see the option of setting a limit on the number of times I can open an app in a day.,FEATURE_UX
R009,71556,calm,Everything is locked. You can't do anything without a premium subscription. Since getting the app I have listened to the same thing. Now all of a sudden it is premium only. Ridiculous. Find a better app.,PAYMENT
R010,161453,daylio,I wish there were more options for how you feeling like how theres sporty but over all its an okay app,FEATURE_UX
R011,148217,digitalwellbeing,Hate this .. How do i get this off my ph,FEATURE_UX
R012,72863,calm,Good app - but I can't receive my password reset email so have been unable to use it for weeks now. Very frustrating after paying for the annual subscription! PLEASE HELP! 🧘‍♂️ Happy to vote 5* if I receive assistance.,ACCOUNT
R013,138221,digitalwellbeing,"Y i am unable to uninstall it, it just appeared in phone and now not getting uninstalled.",FEATURE_UX
R014,54086,headspace,Hello developers when I installed this app my mobile gone extremely heat up and when I uninstall this my mobile back to normal. Why this happen?,BUG
R015,53361,headspace,I've used the app before and it was great but I recently installed it and had trouble recovering my account and for that matter even making a new account if anyone can help plz do so,ACCOUNT
R016,45942,headspace,Terrible user experience. I have been trying to login for the last 10 minutes. All I get is these unhelpful just so you know messages. I have tried to reset my password but it still tells me I have a connected account but won't let me use it.,ACCOUNT
R017,53514,headspace,"App doesnt work. My course has been ""buffering"" for 30 minutes now",BUG
R018,53215,headspace,This app crashes every time you try to login.i can't even enter into the app.im uninstalling,BUG
R019,49171,headspace,"A lot of adds every where and then I finally decided to download the app and when I try to create mi account with Fb or filling up the fields always says ""Something where wrong with headspace""",ACCOUNT
R020,135340,digitalwellbeing,You must give strict schedule mode in this app because some time small distraction leads to lots of time wastage on phone so kindly provide strict mode in this app so that before some specific time user can not access phone exception can be provided for making phone call,FEATURE_UX
R021,92758,fabulous,I love the app but I can't figure out how to restore my purchase on my new phone because I bought it. It just automatically wants to restart a new profile when I had all my habits that were working for me.,ACCOUNT
R022,45095,headspace,It was working great but then it wasn't. Uninstalled it then reinstalled and now it tells me I don't have an account on my email address. I signed up for an annual subscription and I cannot figure out how to get into my account anymore.,ACCOUNT
R023,48676,headspace,"Everytime I open headspace it says something went wrong, I logged in for the first time then got out but as soon as I went back in, it didn't want to work",BUG
R024,74597,calm,I love it I just wish there were more free to play story's and music because I haven't had a chance to set up a subscription yet.,PAYMENT
R025,72442,calm,"It would have been nice to get a reminder before my trial period ended and just taking payment for the whole year's subscription after, as I didn't want go with it.",PAYMENT
R026,44708,headspace,"I have never even seen the inside of the app, It doesn't want to log in I tried using the  address it says something went wrong, I try logging in using Facebook then it doesn't want to pass the part about  address again so if u want to maintain peace and quite don't waste your time and data on this app",ACCOUNT
R027,42463,headspace,"I don't know why, but immediately after i installed the app and tried to make an account, it told me ""something went wrong."" I did everything I could (reinstalling, closing and opening, restarting my phone, changing email) and nothing worked. I'm really disappointed.",ACCOUNT
R028,41947,headspace,"I have received a 30 day free tail, but half of the time, my sessions pause when my phone turns off. This is very annoying since I always have to check if it is still going and if the dude doesn't speak for a longer time I am never sure if it is paying or not. This is very annoying since it take me out of my meditative state.",BUG
R029,155657,daylio,"I need a mood tracker, not a fitness or social tracker. I need to track my moods so I can understand and feel them more, not just tap a gentrified emoji. Emotions are more complex than that, it's too simple.",FEATURE_UX
R030,156227,daylio,It is a good app but I find that my daily reminder isn't actually working. I have made sure that notifications are allowed on my device but they still don't show up,BUG
R031,136266,digitalwellbeing,Once you download this app you can never get it off your phone. It's like a virus it can never be deleted no matter what you do,FEATURE_UX
R032,144103,digitalwellbeing,I hate this appp i dont want it in my phone,FEATURE_UX
R033,46619,headspace,Used it a few nights and loved it. Went back to try more and potentially subscribe and I cant even create/login to my account. Really sucks too but I'm not gonna pay for something that isnt guaranteed.,ACCOUNT
R034,70163,calm,"An email prior to charging for subscription after trial would be nice, auto subscribe is robbery. Downloaded the app and didn't even use it much at the time and account was charged and denied refund. Never had a poor experience with play store until this ordeal.",PAYMENT
R035,51326,headspace,"Awesome app! Just wish all features were free,but i understand thats not always possible,love it tho!!",PAYMENT
R036,143991,digitalwellbeing,good but i don't understand how to use it lol,FEATURE_UX
R037,91190,fabulous,"Not free! At first I had started enjoying using this app, and I thought I had""the free version"". There is no such thing. after a week it had charged me $45 for a monthly subscription that I couldn't even use for the rest of the month. All it does is tell you to drink water in the morning and eat breakfast.",PAYMENT
R038,49023,headspace,It won't let me log in at all. When I try to restart my password it shows me a error message so on to the next best app.,ACCOUNT
R039,48399,headspace,I had uninstalled the app and never subscribed to paid or even free session. But today you made unauthorized deduction of 120 rs. from my bank account. This is beyond rediculous. Please return my money.,PAYMENT
R040,50526,headspace,"Had to uninstall and reinstall, now I am unable to log in. I am given a error that only states that something went wrong.",ACCOUNT
R041,42827,headspace,"I have been using Headspace for nearly a year, however, I haven't even been able to open the app recently. My account was logged out, and now after the first screen launches, it then crashes almost immediately. Not how a paid app should act.",BUG
R042,71595,calm,Way way to experience most of these sounds are free to download elsewhere. no monthly charge is killing app success. To many internet charges for various apps that knowbody used consistently.  is a recepiie for disaster in it's current payment model.,PAYMENT
R043,51133,headspace,"I had it for a few days, made an account, and it was fine. But then it logged me out, I couldn't sign back in or even make a new account",ACCOUNT
R044,45834,headspace,"Was a good app until it logged me out of my account, wouldnt accept my details and when I requested a password reset the email never came. Tried multiple times. I paid for a year subscription, it's all gone to waste. Dont reccomend.",ACCOUNT
R045,92871,fabulous,I like it a lot so far but it is a bit annoying how often it asks me to share it with a friend. I understand they need to get their product out there but after every single action is overkill.,FEATURE_UX
R046,94882,fabulous,"Cannot get in touch with Developers for charge I did not choose to make. Can’t get through to anyone through other mines. Would like a refund of $44.99, please.",PAYMENT
R047,51893,headspace,It is to expensive and there's a YouTube channel I like even better and it's called great meditation and while your at it.,PAYMENT
R048,53960,headspace,I can't even log into my account. I was redownloading to subscribe but I'll just find another app instead,ACCOUNT
R049,157364,daylio,Love this- very insightful. Wish there was more diversity in the colors and would be nice to have more themes.,FEATURE_UX
R050,162343,daylio,Give It a Voice Record option and a pictures attach feature.,FEATURE_UX
R051,160806,daylio,if only i could add a picture....that would be all i need....now i need an additional app for just that purpose,FEATURE_UX
R052,154043,daylio,"I like this app - so much so I paid for it and I've been using it to track my moods for the past 2 years. However recently my reminders are coming in at the wrong times. For example a reminder I have set for 8pm comes in the following day, another is set for 12pm and arrived just now... at 7.52pm. What have you guys done?",BUG
R053,41659,headspace,"I've had the paid version for a couple of years and up until lately, it's been great. The last couple of updates have resulted in sessions not playing or freezing up mid-session. Uninstalling/reinstalling, restarting phone, nothing works long-term. Fix this please!!",BUG
R054,156190,daylio,"Damn....if you could stop sending in notifications on paying to unlock some features every single day, I wouldn't subscribed later on. But damn I'm tired and done with this app",FEATURE_UX
R055,67128,calm,"Terrible new update. It's far less convenient to navigate with ""profile"" and ""discover"" getting a bizarre promotion to bottom nav but an awkward horizontal scroll to access daily function. Add this to an android phone where a swipe right from the screen edge is ""back"" and it's hardly a calming experience. Useless UX work here.",FEATURE_UX
R056,71221,calm,"Very good parts to this app, but alot of it is in paid version only. Am really liking what I've used though and the daily reminders and daily calm. Really wish some of what you can do with kids was in free version though.",PAYMENT
R057,145107,digitalwellbeing,How to remove/change the gmail account from the app,ACCOUNT
R058,92694,fabulous,I work retail and have an inconsistent work schedule. I can either wake up at 2am or 12pm on any given day. So an app that works based off of a consistant wake up time is an immediate pass for me. I hope it helps other people because unfortunately it will not help me.,FEATURE_UX
R059,40219,headspace,Bad experience When I'm trying to login it shows this email is already associated with us try a different email id And when I try a different id it show we couldn't find your account Even I have 1 year annual subscription Till 16 Feb 2042,ACCOUNT
R060,157802,daylio,Don't like the new calendar. Would be OK if I could at least swipe. Why would you remove the swiping? (between months),FEATURE_UX
R061,54663,headspace,This is not a free app! Immidiate sign up required and it's damn expensive,PAYMENT
R062,159362,daylio,The extras isn't much of a difference for the price model. It's nice. Just wasn't exactly what I'm looking for.,PAYMENT
R063,141028,digitalwellbeing,Don't preinstall this garbage and not allow me to rid my phone of it.,FEATURE_UX
R064,139599,digitalwellbeing,Stops phone from working & mucks up Bluetooth connections,BUG
R065,68586,calm,"Horrible! After about 20 mins of rainfall that was so loud I couldn't hear myself think nor the tv I was sitting beside while looking at the app, I uninstalled it. I looked all over to see if I could find an adjustment for the sound and found none.",FEATURE_UX
R066,139805,digitalwellbeing,Too much buffering. No don't need it.!!!,BUG
R067,96146,fabulous,It's okay. I had completed some programs. But the app crashed and I lost it all. So I'm having to start all over again.,BUG
R068,46266,headspace,this is a total waste of time and money. ..dont do it. there are way better free meditation apps out there and once they start billing they don't want to stop. I am currently working with my credit card company to get my money back....there is no meditation support other than generic faqs . all these four and five star reviews gotta be bogus...,PAYMENT
R069,46540,headspace,Good but not worth paying for. I liked using the two free sleepcasts but now those aren't available. And the price is too high compared to free sleep aid apps. I did really enjoy them as it did help me sleep.,PAYMENT
R070,158172,daylio,Pretty Good Experience. I just wish that it had more features like in between moods and more emojis,FEATURE_UX
R071,140742,digitalwellbeing,It's a cool app but why does it stop blocking WhatsApp notifications??,BUG
R072,47491,headspace,I can't login and or even create a new account ... it keeps popping up that something went wrong... I can't believe that this is happening... I've used headspace beofre and now I can't even get in!!!! Please fix ASAP!!!!!,ACCOUNT
R073,85404,fabulous,Cancelled my subscription from Google. They went around and charged my  account. I didn't like the app at all and cancelled it several hours after being forced to sign up if I really wanted to use it. I am so angry right now. THIS IS CALLED STEALING!!! ..... I was able to get the app cancelled and my money refunded. Thank you very much.,PAYMENT
R074,135433,digitalwellbeing,App tried to get the phone to help me but only interupted what I was doing and made it almost impossible to get the phone to do my commands combined with Moto tools.it is the worst phone experience I have been in,BUG
R075,139903,digitalwellbeing,"Can't remove this app, always appears and annoys me",FEATURE_UX
R076,153149,daylio,"It's a really good app and I like everything about it. One suggestion that I have though is the addition of a dark/night mode, I tend to do one last entry to reflect on the day before going to sleep, and having the bright background blind me isn't the best of sights.",FEATURE_UX
R077,51418,headspace,"It won't let me log in. Every time I try, the app just tells me my email is already associated with another headspace account.",ACCOUNT
R078,93097,fabulous,Is this a joke? I joined through a web browser. I went through the registration again in the app.Why is there no way to sign and for the app to recognize that you have my payment information? This is shady and you lost my trust.,ACCOUNT
R079,46994,headspace,Continuously crashing. Once it crashes you can not open the app again. You have to clear App Data in settings and then log in again!,BUG
R080,145055,digitalwellbeing,Didn't ask for this monitoring program. Do not want it.,FEATURE_UX
R081,139337,digitalwellbeing,Bloatware is bad. I want to remcod but can not .,FEATURE_UX
R082,87282,fabulous,Unable to edit journey to remove things that don't align with my goals. App technology works fine but the capabilities seem limited. It's basically a very expensive checklist. Wish I hadn't invested the $50 for the premium. No real value.,FEATURE_UX
R083,153736,daylio,"worked fine, until a month in it stopped giving me notifications to put in entries, which is the point of a mood tracker app. 3 months later notifications started up again. if I'm going to use an app for my mental health it needs to be consistent.",BUG
R084,136529,digitalwellbeing,"Since the last Android update, I keep getting a notification the app is updating, which never goes away.",BUG
R085,97535,fabulous,Debited my card after I cancelled my subscription in advance. Very unhappy with the way this app works regarding subscriptions,PAYMENT
R086,49373,headspace,"Opted for the Spotify bundle. Paying but cannot login. 3 emails, no answer. That's not what I would call service",ACCOUNT
R087,70278,calm,It's an awesome app if you only want to check in with your emotions. Everything else apparently cost money. I've been looking for months and I rarely find something that doesn't cost a premium subscription.,PAYMENT
R088,72661,calm,Don't take the initial evaluation without knowing that this app will cost you $69.95 / year. Looks free. Presents as free. Cost is after 1 week free TRIAL. But this info is in nearly invisible print at the very end of the process. Very deceptive.,PAYMENT
R089,68440,calm,"When I first got the app, worked perfectly. Now for the past few weeks the noises for sleeping randomly stop working through the night, causing me to wake up numerous times. I'll just have to start using another app. Such a shame...",BUG
R090,138139,digitalwellbeing,"This app was great till the last update,now it doesn't even update screen time properly,another google app ruined by a stupid update",BUG
R091,50643,headspace,"Don't use this app, they take a year subscription off you then charge you for each individual content.  off.",PAYMENT
R092,75309,calm,I was advised to download this to help my anxiety. However its way to expensive. Found a similar one thats totally free and works a treat.,PAYMENT
R093,92915,fabulous,"Only intended to use free trial but took my money away from bank. I emailed back on the same day they took my money but didn't get my money back. DONOT USE THIS APP, find other free version.",PAYMENT
R094,67493,calm,Great app overall but recently the broadcast or button to play sounds on speakers has been inconsistent. Most days it's not there when playing sound. About one a week it will be on the app to play sounds elsewhere.,BUG
R095,44921,headspace,"Paid for a 3 month deal for headspace and Spotify but it wont connect to Spotify. Wont let me log into my account, then when i try and change password, The email with the link in never arrives. I've waited a few days now and nothing.",ACCOUNT
R096,158769,daylio,Why on earth are the reminders not working? Not getting any reminders for whatever I fix. Kindly look into the same and advice. Using OnePlus 7,BUG
R097,136163,digitalwellbeing,I disabled this app yet it keeps updating/and opening up on my phone without my permission. More forced app I have zero need for.,BUG
R098,142713,digitalwellbeing,Update settings app stop pls slove the problem,BUG
R099,72513,calm,"I loved this app at first, but after awhile it stops working properly. Every time I turn it on and set the timer it stops after a few minutes no matter how long I set the timer.",BUG
R100,47415,headspace,couldn't even get started. it kept saying that my Facebook and my email already had an account set up even though I literally just installed the app. I uninstalled the app. I'll stick to regular meditation the old fashioned way...,ACCOUNT
R101,159419,daylio,Quit all the moods. I prefer to be reminded to write notes. Not all these smiley faces ALL the time.,FEATURE_UX
R102,160375,daylio,"The ads placements are very, very annoying, and disrupting.",FEATURE_UX
R103,135170,digitalwellbeing,This app keeps stopping my phone settings and it keeps reinstalling itself after i uninstall it im about to become very irritated at this point . I just bought this brand new phone .,BUG
R104,91364,fabulous,"off. Total waste. Tried it then got locked in to pay after trying. No notification at end of free trial.No way for refund but cancelled renewal. My mistake. Shoud be banned, can't believe this is in app store",PAYMENT
R105,42773,headspace,"I can't sign up or sign in or anything with this app! So frustrating. A message comes up everytime saying ""sorry, something went wrong."" I've restarted the app, restarted my phone, deleted and redownloaded it, nothing will fix it!",ACCOUNT
R106,72740,calm,"BEWARE - You have to create an account and give a load of personal details to use this app. Seen good reviews, but removed it as soon as I found you have create an account for no reason other than being spammed with sales junk.",FEATURE_UX
R107,68165,calm,"Great app. But, only wanted to do the 7 day free trial. Charged me for the year subscription. Went to cancel subscription and they won't give me my money back. I wanted to completely cancel but says subscription won't end till next year the subscription is up. I wanted subscription to end now and get mu money that I need back.",PAYMENT
R108,156128,daylio,"i really love this app. I paid for the full version. but then i had to reformat my phone, amd after rwinstalling i cant see anyplace to log in so i can restorey backups. i kwwp track of ledocal info in here, and this is the only place i can find to ask for help. please help!",ACCOUNT
R109,51769,headspace,"Although it looks impressive, there's nothing free about it unfortunately. So I'll just stick with my free youtube downloads :)",PAYMENT
R110,44864,headspace,"I was introduced to the app by my sister, but unfortunately every time I go to log in, i get a pop up of how headspace isn't responding and to try again. I have tryed 20 times and I even restarted my phone and uninstalled and reinstalled the app. I would like some help or advice on what to do.",ACCOUNT
R111,95471,fabulous,DO NOT SUBSCRIBE!!!! !!!! I cancelled this app last year and a year later they took a payment from my account.,PAYMENT
R112,42610,headspace,"Couldn't create an account, because apparently emails ending with .fr don't exist. This plus the super annoying password rules that are outdated since 2015. I know the content of the App and would really enjoy it, shame that you block the customer journey that early.",ACCOUNT
R113,46665,headspace,"Horrible sign up / log in experience. Just spent 10 minutes trying to log into existing account, but nothing is working. Got about three different errors.",ACCOUNT
R114,44035,headspace,"Always ""unable to connect"" or ""something went wrong"" even after making sure my  and/or cellular network is properly connected. Shame since I really liked the app and was considering paying a monthly subscription to it.",BUG
R115,44769,headspace,Ironically this is making me 10x more stressed. I can't log in through Spotify or Facebook. I already have an account but it won't let me reset the password. All I want to do is use the app but I can't even create a new account with a different email.,ACCOUNT
R116,46656,headspace,Everything takes ages to buffer and play. Not worth your money! Streaming a full HD movie loads quicker then a 10 minute quick meditation.,BUG
R117,91910,fabulous,I cancelled the free trial subscription and got charged the same day! I would really appreciate a refund. I also found the app messy and hard to follow.,PAYMENT
R118,44105,headspace,"This app seemed really nice, as I am just starting to get into meditation. However, you have to pay for the subscription to do almost any of the meditation videos. I don't want to pay to meditate. That would just make me more stressed :/",PAYMENT
R119,53236,headspace,"Glitchy after 6 sessions. Gives errors, but no explanation. No tutorial.",BUG
R120,89277,fabulous,"Requires registration before trying the app. EDIT: 12/28/20... I have to give my name, gender and e-mail before even getting to a screen where I can explore the app. Your app does not require payment info(I never claimed it did) but I still have to REGISTER FIRST. Which is my only issue. Not worth it.",FEATURE_UX
